name,lat,lon,elev,x_m,y_m
A101T,50.394600,-4.750200,175.490000,-780.318151,2358.524613
A104,50.393140,-4.749170,169.500000,-707.181368,2196.068542
A105,50.393180,-4.751390,160.600000,-864.866899,2200.542539
A106T,50.388000,-4.755550,168.300000,-1160.477207,1624.250561
A109T,50.385680,-4.760000,192.600000,-1476.666211,1366.196507
A112T,50.383620,-4.758370,192.090000,-1360.928356,1136.961375
A115T,50.382630,-4.754570,167.700000,-1090.983627,1026.747373
A115,50.382620,-4.754600,170.700000,-1093.115226,1025.635173
A118T,50.382790,-4.749830,178.200000,-754.225226,1044.490922
A121T,50.386520,-4.750500,173.790000,-801.762686,1459.513099
A124T,50.386010,-4.756800,169.890000,-1249.326391,1402.855120
A127,50.385350,-4.756620,166.100000,-1236.556261,1329.417788
A128T,50.384500,-4.755930,169.290000,-1187.558869,1234.832054
A131T,50.384480,-4.753410,176.800000,-1008.531570,1232.569628
A134,50.385940,-4.752780,181.300000,-963.745033,1395.006914
B101,50.382660,-4.730120,174.600000,646.079481,1030.012281
B102,50.381380,-4.730090,173.900000,648.228301,887.594509
B103,50.379850,-4.724370,158.200000,1054.653406,717.425859
B104S,50.377920,-4.720290,155.000000,1344.590716,502.751949
B105,50.376620,-4.713200,141.290000,1848.403976,358.260668
B106S,50.374580,-4.714860,81.600000,1730.527693,131.242223
B107,50.372080,-4.717950,137.490000,1511.039223,-146.984949
B108,50.374350,-4.725170,131.690000,997.929033,105.462688
B109,50.377870,-4.727920,148.100000,802.460396,497.078788
B110,50.380120,-4.731150,125.800000,572.933219,747.393082
B111,50.380800,-4.734060,142.090000,366.174543,823.034308
B112,50.382220,-4.734580,141.200000,329.219610,981.026884
B113,50.382090,-4.731700,177.600000,533.834005,966.579232
B114,50.380940,-4.726520,164.500000,901.875897,838.675456
B115,50.378860,-4.722360,160.500000,1197.488215,607.304828
B116,50.376640,-4.717000,180.000000,1578.396154,360.398543
B117,50.374590,-4.717880,95.400000,1515.933537,132.289054
B118,50.375620,-4.720700,119.800000,1315.522763,246.837379
B119,50.377460,-4.722380,111.800000,1196.102398,451.534852
B120S,50.379860,-4.727010,123.900000,867.082030,718.504444
B121,50.376360,-4.725660,143.100000,963.069954,329.096888
B122,50.375510,-4.724820,130.590000,1022.774353,234.533673
B123,50.374360,-4.725170,130.100000,997.928821,106.575327
B124,50.374370,-4.725170,130.600000,997.928607,107.687967
B127S,50.380140,-4.731180,132.600000,570.801496,749.618134
B128,50.381160,-4.734810,128.400000,312.885969,863.085962
B129,50.383270,-4.733500,138.100000,405.940500,1097.859521
B130,50.381710,-4.733490,165.600000,406.664280,924.287581
B131,50.373620,-4.722780,126.500000,1167.775355,24.274720
B132,50.372630,-4.720600,152.900000,1322.711490,-85.840174
B135T,50.377950,-4.712450,152.000000,1901.641693,506.260699
B138T,50.376470,-4.714760,146.100000,1737.564410,341.533516
C101T,50.373530,-4.731840,172.300000,523.981792,14.158081
C104T,50.373530,-4.731810,169.700000,526.113580,14.158292
C107,50.374220,-4.730000,163.500000,654.721109,90.944789
C108S,50.373570,-4.729030,161.190000,723.657363,18.632172
C109S,50.373090,-4.729940,154.890000,659.000241,-34.782984
C110,50.372080,-4.727900,149.090000,803.979298,-147.139562
C111,50.371520,-4.727410,144.090000,838.809208,-209.441977
C112T,50.369170,-4.726920,129.000000,873.672804,-470.906604
C115,50.368710,-4.729340,184.490000,701.700719,-522.113601
C116,50.370210,-4.730430,162.300000,624.218736,-355.227402
C117,50.371150,-4.731790,161.000000,527.561138,-250.649809
C118,50.371910,-4.731600,159.290000,541.054411,-166.087839
C120,50.372810,-4.731370,164.390000,557.388033,-65.948572
C122,50.372410,-4.729310,148.800000,703.777975,-110.436722
C123,50.372540,-4.731810,165.400000,526.124524,-95.993045
C124,50.369820,-4.728410,155.700000,767.774497,-398.601468
D101U,50.352500,-4.741060,122.300000,-131.241403,-2325.744914
D104T,50.352500,-4.741060,119.700000,-131.241403,-2325.744914
D107S,50.351200,-4.735860,103.200000,238.435891,-2470.383979
D108S,50.351290,-4.733150,110.300000,431.095727,-2460.358067
D109U,50.348580,-4.737080,76.090000,151.711400,-2761.897991
D112U,50.350170,-4.736670,81.000000,180.854888,-2584.987851
D115U,50.349100,-4.739320,96.400000,-7.544545,-2704.043056
D118U,50.350180,-4.743160,111.400000,-280.545251,-2583.870869
D121S,50.353590,-4.735960,119.490000,231.315068,-2204.464038
D122U,50.355000,-4.737850,120.500000,96.954177,-2047.586342
D125U,50.353890,-4.730550,139.000000,615.902210,-2171.054155
D128U,50.346850,-4.743290,72.200000,-289.807718,-2954.378334
E101U,50.386030,-4.733020,145.200000,440.016362,1404.951225
E104U,50.388050,-4.735470,143.190000,265.955931,1629.693202
E107U,50.390880,-4.734840,167.600000,310.691014,1944.573279
E110U,50.391670,-4.729620,183.100000,681.473099,2032.506767
E113U,50.391540,-4.725020,206.290000,1008.223225,2018.094589
E116U,50.390410,-4.723640,204.400000,1106.273990,1892.385631
E119U,50.389030,-4.726790,185.090000,882.542764,1738.799007
E122U,50.386390,-4.728020,182.890000,795.212658,1445.047771
E125U,50.384320,-4.729740,162.900000,673.053281,1214.714067
E128U,50.388080,-4.731430,185.200000,552.946862,1633.053335
E131U,50.388080,-4.731440,183.600000,552.236485,1633.053263
F101T,50.353900,-4.746080,145.090000,-488.101601,-2169.954841
F104T,50.352920,-4.747560,132.300000,-593.324721,-2278.982542
F107T,50.356030,-4.750890,153.300000,-829.999918,-1932.920522
F110T,50.355250,-4.741420,131.800000,-156.824933,-2019.768974
G101,50.368710,-4.753570,177.400000,-1020.236593,-522.061793
G102,50.367200,-4.749730,188.200000,-747.365586,-690.115857
G103T,50.364500,-4.747710,170.390000,-603.841292,-990.546659
G106T,50.361910,-4.747380,152.790000,-580.418913,-1278.722654
G109,50.359170,-4.747800,158.200000,-610.306175,-1583.582147
G110T,50.358090,-4.747370,166.500000,-579.754677,-1703.750470
G113,50.357490,-4.743910,144.700000,-333.814477,-1770.529954
G114T,50.359560,-4.741740,111.900000,-179.556352,-1540.221395
G117,50.358240,-4.739120,123.900000,6.673291,-1687.092640
G118T,50.360760,-4.739770,145.500000,-39.527884,-1406.707715
G121T,50.364030,-4.743110,148.200000,-276.909964,-1042.867872
G124,50.363650,-4.744760,150.900000,-394.184092,-1085.140706
G125,50.361080,-4.746430,114.300000,-512.905191,-1371.078599
G126T,50.360080,-4.746460,130.400000,-515.048344,-1482.342208
G129T,50.362630,-4.743330,102.900000,-292.554688,-1198.636421
H101,50.368710,-4.753560,177.600000,-1019.525926,-522.061928
H103T,50.364500,-4.747710,170.500000,-603.841292,-990.546659
H106T,50.361910,-4.747380,151.100000,-580.418913,-1278.722654
H109,50.359170,-4.747810,156.700000,-611.016970,-1583.582062
H110T,50.358100,-4.747380,167.590000,-580.465367,-1702.637757
H113,50.357490,-4.743900,144.900000,-333.103648,-1770.530000
H114T,50.359560,-4.741760,109.800000,-180.977963,-1540.221342
H117,50.358240,-4.739120,124.890000,6.673291,-1687.092640
H118T,50.360770,-4.739770,144.990000,-39.527738,-1405.595079
H121T,50.364030,-4.743110,149.300000,-276.909964,-1042.867872
H124,50.363650,-4.744760,149.600000,-394.184092,-1085.140706
H125,50.361080,-4.746430,114.100000,-512.905191,-1371.078599
H126T,50.360100,-4.746460,131.400000,-515.048130,-1480.116931
H129T,50.362640,-4.743330,100.100000,-292.554644,-1197.523782
K101T,50.364790,-4.750000,199.090000,-766.592922,-958.259076
K104,50.363210,-4.748980,178.400000,-694.122331,-1134.065974
K105,50.362280,-4.749260,171.990000,-714.037161,-1237.538699
K106,50.362390,-4.751990,177.800000,-908.072381,-1225.269954
K107T,50.363390,-4.753580,189.190000,-1021.061395,-1113.985521
L101U,50.397220,-4.726930,241.800000,872.447411,2650.051371
L104S,50.397630,-4.729810,218.300000,667.893280,2695.639950
L105S,50.397990,-4.732970,197.100000,443.456808,2735.671521
L106S,50.400010,-4.734120,174.900000,361.765447,2960.419186
L107S,50.402220,-4.731170,176.600000,571.246628,3206.331818
L108S,50.399290,-4.731700,202.100000,533.640905,2880.323431
L109S,50.399190,-4.728520,215.990000,759.488186,2869.224603
L110U,50.402630,-4.730200,173.200000,640.126903,3251.958084
L113U,50.402610,-4.730220,171.390000,638.706859,3249.732624
M101T,50.375480,-4.707760,111.700000,2234.994087,231.568802
M104T,50.379580,-4.705660,178.400000,2384.006633,687.816408
M107T,50.379750,-4.710870,164.390000,2013.828473,706.577502
O101S,50.377950,-4.730080,162.400000,648.985574,505.958868
N101,50.369660,-4.748980,187.790000,-694.028258,-416.413879
N102,50.369230,-4.750190,184.800000,-780.023853,-464.245397
N103,50.368820,-4.750880,179.000000,-829.066237,-509.856154
N104,50.369680,-4.748980,189.000000,-694.027965,-414.188602
N105,50.369670,-4.748980,189.100000,-694.028112,-415.301241
O102,50.376790,-4.731730,157.900000,531.761861,376.879513
O103,50.375010,-4.731000,169.590000,583.653312,178.835034
O104,50.376130,-4.728720,147.500000,745.645547,303.471069
O105,50.377230,-4.726890,146.400000,875.656411,425.881408
O106,50.376020,-4.726210,147.600000,923.996363,291.260155
O107,50.375120,-4.726780,141.100000,883.511503,191.115634
O108,50.374000,-4.727600,153.400000,825.264380,66.490553
O109,50.372820,-4.725950,152.100000,942.534170,-64.781365
O110S,50.371890,-4.723110,157.500000,1144.367492,-168.217071
O111,50.371090,-4.723140,176.100000,1142.254858,-257.228697
O112S,50.369980,-4.724460,170.200000,1048.476441,-380.751081
O113S,50.369710,-4.725180,165.100000,997.315708,-410.802231
O114,50.368980,-4.723070,162.600000,1147.280126,-491.994524
O115,50.368150,-4.721190,148.100000,1280.906412,-584.312934
O116,50.368140,-4.718640,128.500000,1462.128003,-585.378623
O117,50.369220,-4.715580,127.700000,1679.555454,-465.149065
O118,50.371800,-4.713750,139.500000,1809.507321,-178.045246
O119,50.371710,-4.716940,165.600000,1582.823448,-188.131639
O120,50.370100,-4.719760,162.400000,1382.475806,-367.322720
O121S,50.371390,-4.721920,174.100000,1228.943694,-223.830093
O122,50.368680,-4.723200,152.300000,1138.048730,-525.375694
O123S,50.370350,-4.727150,130.590000,857.306435,-339.617836
O124,50.370460,-4.714320,134.300000,1769.051968,-327.152626
O125,50.368860,-4.716910,130.700000,1585.050243,-505.233221
R101T,50.389940,-4.743310,174.000000,-290.966097,1839.983817
R104T,50.346860,-4.743290,69.700000,-289.807639,-2953.265697
R107T,50.367040,-4.763990,213.790000,-1760.809564,-707.678007
R110T,50.365240,-4.761080,199.600000,-1554.058066,-908.017744
R113T,50.362820,-4.758620,191.600000,-1379.292279,-1177.324712
R116T,50.361110,-4.754700,159.490000,-1100.717322,-1367.651114
R119T,50.359910,-4.754440,153.400000,-1082.264408,-1501.171496
R122T,50.357330,-4.751280,133.000000,-857.699753,-1788.273216
R128T,50.358670,-4.767980,223.500000,-2044.733738,-1638.854407
R131T,50.358670,-4.767950,225.500000,-2042.601300,-1638.855230
R134T,50.340980,-4.750520,94.000000,-803.952433,-3607.442519
R137T,50.370330,-4.751060,178.300000,-841.831431,-341.845598
R140T,50.378260,-4.708280,163.200000,2197.916399,540.867295
